TDSFU Daily run: Mon Oct 27 03:23:29 UTC 2025 TDSFU
TDSFU Daily run: Mon Oct 27 04:52:48 UTC 2025 TDSFU
TDSFU Daily run: Tue Oct 28 04:46:13 UTC 2025 TDSFU
TDSFU Daily run: Wed Oct 29 04:50:05 UTC 2025 TDSFU
TDSFU Daily run: Thu Oct 30 04:45:13 UTC 2025 TDSFU
TDSFU Daily run: Fri Oct 31 04:58:15 UTC 2025 TDSFU
TDSFU Daily run: Sat Nov  1 04:41:16 UTC 2025 TDSFU
TDSFU Daily run: Sun Nov  2 04:44:26 UTC 2025 TDSFU
TDSFU Daily run: Mon Nov  3 04:51:41 UTC 2025 TDSFU
TDSFU Daily run: Tue Nov  4 04:45:34 UTC 2025 TDSFU
TDSFU Daily run: Wed Nov  5 04:46:26 UTC 2025 TDSFU
TDSFU Daily run: Thu Nov  6 04:41:04 UTC 2025 TDSFU
TDSFU Daily run: Fri Nov  7 04:35:00 UTC 2025 TDSFU
